rho,T,lambda,alpha,C,K,p,num_servers,E[N] according to the arrival process,E[N] according to the observer process,PIdle,PLoss
2,220000,200,180,2e+06,100,1,1,101.872,100.373,5.05059e-08,0.499999
2.2,20000,220,198,2e+06,100,1,1,101.914,100.459,0,0.545349
2.4,20000,240,216,2e+06,100,1,1,101.94,100.523,0,0.583332
2.6,20000,260,234,2e+06,100,1,1,101.958,100.573,0,0.615022
2.8,20000,280,252,2e+06,100,1,1,101.97,100.613,0,0.643005
