rho,T,lambda,alpha,C,K,p,num_servers,E[N] according to the arrival process,E[N] according to the observer process,PIdle,PLoss
2,220000,200,180,2e+06,10,1,1,11.8726,10.3727,2.52586e-08,0.500051
2.2,210000,220,198,2e+06,10,1,1,11.9158,10.4612,2.40442e-08,0.545522
2.4,220000,240,216,2e+06,10,1,1,11.9424,10.5255,2.10408e-08,0.583274
2.6,20000,260,234,2e+06,10,1,1,11.9596,10.5749,0,0.615447
2.8,220000,280,252,2e+06,10,1,1,11.971,10.6137,9.01889e-08,0.642836
