rho,T,lambda,alpha,C,K,p,num_servers,E[N] according to the arrival process,E[N] according to the observer process,PIdle,PLoss
2,20000,200,180,2e+06,50,1,1,51.8721,50.3725,0,0.500073
2.2,220000,220,198,2e+06,50,1,1,51.9158,50.4613,4.59096e-08,0.545476
2.4,220000,240,216,2e+06,50,1,1,51.9424,50.5257,2.10395e-08,0.583295
2.6,20000,260,234,2e+06,50,1,1,51.9593,50.5743,0,0.615365
2.8,20000,280,252,2e+06,50,1,1,51.9707,50.614,0,0.643007
